strategy,side,size,open time,trade 1,trade 2,trade 3
asb,up,1.0,XXX,loss,loss,loss
asb,up,1.0,XXX,loss,gain
asb,up,1.0,XXX,gain
ema_rsi,up,1.0,2023-05-30 01:14:59,loss,loss,gain
ema_rsi,down,1.0,2023-05-30 14:42:59,loss,gain
ema_rsi,down,1.0,2023-05-30 16:21:59,gain
asb,up,1.0,XXX,gain
asb,up,2.0,XXX,draw,loss,loss
asb,up,1.0,XXX,loss
asb,up,1.0,XXX,gain
asb,up,1.0,XXX,loss
asb,up,1.0,XXX,loss,gain
asb,up,1.0,XXX,loss
asb,up,1.0,XXX,loss
asb,up,1.0,XXX,loss
ema_rsi,up,1.0,2023-05-30 18:31:59,gain
asb,up,1.0,XXX,loss
asb,up,1.0,XXX,loss,gain
asb,up,1.0,XXX,gain
ema_rsi,down,20.0,2023-05-30 20:32:59,loss,gain
ema_rsi,down,20.0,2023-05-30 20:43:59,gain
ema_rsi,up,1.0,2023-05-30 20:12:59,loss,loss,loss
ema_rsi,down,1.0,2023-06-01 20:26:59,gain
ema_rsi,up,1.0,2023-06-01 20:46:59,gain
ema_rsi,up,1.0,2023-06-01 20:49:00,loss,gain
ema_rsi,down,1.0,2023-06-01 21:01:59,loss,gain
ema_rsi,down,1.0,2023-06-02 05:34:59,gain
ema_rsi,up,1.0,2023-06-02 06:11:59,loss,loss,gain
ema_rsi,down,20.0,2023-06-02 06:56:59,loss,gain
ema_rsi,up,4.0,2023-06-02 11:58:59,loss,loss,loss
ema_rsi,up,8.0,2023-06-02 12:03:59,loss,gain
ema_rsi,down,8.0,2023-06-02 12:25:58,gain
ema_rsi,up,4.2,2023-06-02 12:40:59,loss,loss,gain
ema_rsi,down,4.2,2023-06-02 12:52:59,gain
ema_rsi,down,1.04,2023-06-02 13:26:59,loss,loss
ema_rsi,up,1.04,2023-06-02 13:41:59,gain
ema_rsi,down,4.0,2023-06-02 13:44:59,loss,loss,gain
ema_rsi,up,1.0,2023-06-02 14:34:59,gain
ema_rsi,up,1.0,2023-06-02 15:53:59,gain
ema_rsi,up,2.0,2023-06-02 17:04:59,loss,gain
ema_rsi,up,2.0,2023-06-02 17:08:59,loss,gain
ema_rsi,down,2.0,2023-06-02 17:14:59,gain
ema_rsi,down,2.0,2023-06-02 17:17:00,gain
ema_rsi,down,2.0,2023-06-02 17:31:59,gain
asb,down,1.0,XXX,loss
asb,down,1.01,XXX,gain
ema_rsi,up,1.0,2023-06-02 20:36:59,gain
ema_rsi,up,1.01,2023-06-02 21:36:59,gain
ema_rsi,down,2.04,2023-06-03 06:07:59,loss,loss
ema_rsi,up,1.01,2023-06-03 06:26:59,gain
ema_rsi,up,2.0,2023-06-03 06:37:59,loss,gain
ema_rsi,up,1.01,2023-06-03 06:55:59,gain
ema_rsi,up,2.04,2023-06-03 06:55:59,loss,gain
ema_rsi,down,1.01,2023-06-03 07:29:59,gain
ema_rsi,down,1.03,2023-06-03 07:32:59,loss,gain
ema_rsi,down,1.03,2023-06-03 07:59:59,loss,gain
ema_rsi,down,1.01,2023-06-03 08:07:59,loss,loss,gain
ema_rsi,down,1.0,2023-06-03 08:13:59,loss
ema_rsi,down,1.01,2023-06-03 08:26:59,gain
ema_rsi,down,2.06,2023-06-03 09:08:59,loss,loss
ema_rsi,up,1.0,2023-06-03 09:37:59,gain
ema_rsi,down,4.0,2023-06-03 09:40:59,loss,loss,gain
ema_rsi,up,1.02,2023-06-03 10:15:59,gain
ema_rsi,down,0.02,2023-06-03 10:28:59,loss,loss,gain
ema_rsi,up,0.02,2023-06-03 11:40:59,loss,loss,gain
ema_rsi,up,1.0,2023-06-03 12:09:59,loss
ema_rsi,down,1.0,2023-06-03 12:30:59,gain
ema_rsi,down,1.0,2023-06-03 20:05:59,gain
ema_rsi,down,1.0,2023-06-03 20:08:00,gain
ema_rsi,up,1.0,2023-06-03 20:18:59,gain
ema_rsi,up,4.0,2023-06-03 20:21:00,loss,loss,gain
ema_rsi,down,1.0,2023-06-03 20:24:59,gain
ema_rsi,down,1.0,2023-06-03 20:28:59,gain
ema_rsi,up,2.0,2023-06-03 20:29:59,loss,gain
ema_rsi,down,1.0,2023-06-03 20:42:59,gain
ema_rsi,down,2.02,2023-06-03 20:45:00,loss,gain
ema_rsi,up,1.0,2023-06-03 21:03:59,gain
ema_rsi,down,4.0,2023-06-03 21:09:59,loss,loss,draw,loss
ema_rsi,down,2.04,2023-06-03 21:52:59,loss,loss
ema_rsi,up,2.04,2023-06-03 22:25:59,loss,loss
ema_rsi,down,2.04,2023-06-03 23:04:59,loss,gain
ema_rsi,down,1.02,2023-06-03 23:49:59,gain
ema_rsi,down,4.08,2023-06-04 00:02:59,loss,loss,gain
ema_rsi,down,1.02,2023-06-04 00:35:59,gain
ema_rsi,up,1.02,2023-06-04 01:06:59,gain
ema_rsi,up,1.02,2023-06-04 01:13:59,gain
ema_rsi,up,4.08,2023-06-04 01:50:59,loss,loss,gain
ema_rsi,up,1.02,2023-06-04 01:57:59,gain
ema_rsi,up,4.08,2023-06-04 02:09:59,loss,loss,gain
ema_rsi,up,1.02,2023-06-04 02:13:59,gain
ema_rsi,down,4.08,2023-06-04 02:31:59,loss,loss,gain
ema_rsi,down,1.02,2023-06-04 03:04:59,gain
ema_rsi,down,1.02,2023-06-04 03:46:59,gain
ema_rsi,down,2.04,2023-06-04 03:47:59,loss,gain
ema_rsi,down,1.02,2023-06-04 03:52:59,gain
ema_rsi,down,1.02,2023-06-04 05:05:59,gain
ema_rsi,down,1.02,2023-06-04 05:05:59,gain
ema_rsi,down,1.03,2023-06-04 05:44:59,gain
ema_rsi,down,1.04,2023-06-04 05:47:00,gain
ema_rsi,down,4.04,2023-06-04 06:30:59,loss,loss,gain
ema_rsi,down,1.03,2023-06-04 06:54:59,gain
ema_rsi,down,1.06,2023-06-04 06:57:00,gain
ema_rsi,down,2.04,2023-06-04 07:11:59,loss,gain
ema_rsi,up,1.06,2023-06-04 07:22:59,gain
ema_rsi,up,0.42,2023-06-04 07:25:00,loss,loss,loss
ema_rsi,up,0.02,2023-06-04 07:43:59,loss,loss,gain
ema_rsi,up,0.42,2023-06-04 07:58:59,loss,loss,loss
ema_rsi,up,1.04,2023-06-04 08:23:59,gain
ema_rsi,down,1.08,2023-06-04 08:44:59,gain
ema_rsi,up,2.14,2023-06-04 13:01:59,loss,gain
ema_rsi,up,2.16,2023-06-04 13:17:59,loss,gain
ema_rsi,up,1.06,2023-06-04 13:20:59,gain
ema_rsi,up,4.32,2023-06-04 14:21:59,loss,loss,loss
ema_rsi,up,1.06,2023-06-04 14:27:59,gain
ema_rsi,up,4.32,2023-06-04 14:30:00,loss,loss,gain
ema_rsi,up,4.32,2023-06-04 15:04:59,loss,loss,loss
ema_rsi,up,1.04,2023-06-04 15:10:59,gain
ema_rsi,down,1.07,2023-06-04 15:15:59,gain
ema_rsi,down,4.32,2023-06-04 15:22:59,loss,loss,gain
ema_rsi,down,1.08,2023-06-04 15:28:59,gain
ema_rsi,up,1.08,2023-06-04 15:29:59,loss,gain
ema_rsi,down,1.08,2023-06-04 15:31:00,gain
ema_rsi,up,1.08,2023-06-04 15:39:59,gain
ema_rsi,up,1.08,2023-06-04 15:46:59,gain
ema_rsi,up,2.16,2023-06-04 16:36:59,loss,gain
ema_rsi,down,4.32,2023-06-04 17:17:59,loss,loss,loss
ema_rsi,up,1.08,2023-06-04 18:12:59,gain
ema_rsi,up,1.08,2023-06-04 19:12:59,gain
ema_rsi,up,1.09,2023-06-04 19:15:00,gain
ema_rsi,down,1.07,2023-06-04 19:36:59,gain
ema_rsi,down,4.32,2023-06-04 19:36:59,loss,loss,loss
ema_rsi,down,1.08,2023-06-04 20:20:59,gain
ema_rsi,down,1.08,2023-06-04 20:28:59,gain
ema_rsi,up,1.08,2023-06-04 20:29:59,loss
ema_rsi,up,1.09,2023-06-04 20:33:59,gain
ema_rsi,up,1.09,2023-06-04 20:54:59,gain
ema_rsi,down,4.32,2023-06-04 21:20:59,loss,loss,loss
ema_rsi,down,1.08,2023-06-04 21:32:59,gain
ema_rsi,up,4.32,2023-06-04 22:00:59,loss,loss,loss
ema_rsi,down,1.06,2023-06-04 22:15:59,gain
ema_rsi,up,1.06,2023-06-04 22:27:59,gain
ema_rsi,up,1.06,2023-06-04 22:30:00,gain
ema_rsi,down,0.42,2023-06-04 22:28:59,loss,loss,loss
ema_rsi,up,1.06,2023-06-04 22:57:59,gain
ema_rsi,up,1.06,2023-06-04 23:00:00,loss
ema_rsi,up,0.42,2023-06-04 23:02:59,loss,loss,gain
ema_rsi,down,0.42,2023-06-04 23:47:59,loss,loss,gain
ema_rsi,down,1.06,2023-06-04 23:56:59,gain
ema_rsi,down,1.06,2023-06-04 23:59:00,gain
ema_rsi,down,0.42,2023-06-05 00:46:59,loss,loss,gain
ema_rsi,down,1.06,2023-06-05 00:55:59,gain
ema_rsi,up,1.07,2023-06-05 01:56:59,gain
ema_rsi,down,4.32,2023-06-05 02:25:59,loss,loss,loss
ema_rsi,down,2.08,2023-06-05 02:50:59,loss,gain
ema_rsi,down,1.04,2023-06-05 03:09:59,gain
ema_rsi,up,1.04,2023-06-05 06:19:59,gain
asb,down,10.0,XXX,gain
ema_rsi,up,4.16,2023-06-05 06:35:59,loss,loss,loss
ema_rsi,up,1.02,2023-06-05 06:40:00,loss,loss,loss
asb,down,10.0,XXX,gain
ema_rsi,up,0.42,2023-06-05 06:56:59,loss,loss,loss
ema_rsi,up,1.04,2023-06-05 07:23:59,gain
ema_rsi,down,1.04,2023-06-05 07:24:59,gain
ema_rsi,down,1.04,2023-06-05 07:25:59,gain
ema_rsi,up,1.03,2023-06-05 07:26:00,gain
ema_rsi,up,1.04,2023-06-05 08:02:59,gain
ema_rsi,down,4.16,2023-06-05 08:34:59,loss,loss,gain
ema_rsi,down,1.03,2023-06-05 09:39:59,gain
ema_rsi,down,1.07,2023-06-05 10:05:59,gain
ema_rsi,down,1.07,2023-06-05 10:59:59,gain
ema_rsi,down,1.07,2023-06-05 11:02:00,gain
ema_rsi,down,1.08,2023-06-05 11:14:59,gain
ema_rsi,down,1.08,2023-06-05 11:17:00,gain
ema_rsi,down,4.28,2023-06-05 11:51:59,loss,loss,gain
ema_rsi,down,1.06,2023-06-05 12:18:59,gain
ema_rsi,up,1.08,2023-06-05 12:18:59,gain
ema_rsi,up,1.0,2023-06-05 12:21:00,loss,gain
ema_rsi,down,0.11,2023-06-05 12:26:59,gain
ema_rsi,down,2.14,2023-06-05 12:47:59,loss,gain
ema_rsi,up,0.11,2023-06-05 12:52:59,gain
ema_rsi,down,0.11,2023-06-05 12:54:59,loss
ema_rsi,down,1.1,2023-06-05 13:13:59,gain
ema_rsi,down,1.09,2023-06-05 14:37:59,draw,gain
ema_rsi,down,4.4,2023-06-05 14:50:59,loss,loss,loss
ema_rsi,up,1.09,2023-06-05 15:32:59,loss
ema_rsi,up,1.09,2023-06-05 15:53:59,gain
ema_rsi,up,1.09,2023-06-05 15:56:00,gain
ema_rsi,up,1.09,2023-06-05 15:58:00,gain
ema_rsi,up,1.09,2023-06-05 16:54:59,gain
ema_rsi,down,2.48,2023-06-05 17:21:59,loss,gain
ema_rsi,up,1.08,2023-06-05 17:54:59,gain
ema_rsi,up,1.09,2023-06-05 17:57:00,gain
ema_rsi,up,1.1,2023-06-05 17:59:00,gain
ema_rsi,up,2.2,2023-06-05 20:54:58,loss,loss,loss
ema_rsi,down,1.1,2023-06-05 20:56:59,gain
ema_rsi,down,1.1,2023-06-05 21:26:59,gain
ema_rsi,down,1.09,2023-06-05 21:41:59,gain
ema_rsi,down,1.07,2023-06-05 21:47:59,gain
ema_rsi,down,1.08,2023-06-05 22:20:59,gain
ema_rsi,down,1.08,2023-06-05 22:40:59,gain
ema_rsi,down,4.32,2023-06-05 22:46:59,loss,loss,loss
ema_rsi,down,1.09,2023-06-05 23:01:59,gain
ema_rsi,down,4.28,2023-06-05 23:05:59,loss,loss,loss
ema_rsi,up,1.1,2023-06-06 00:18:59,gain
ema_rsi,up,1.08,2023-06-06 00:18:59,gain
ema_rsi,up,0.11,2023-06-06 00:21:00,gain
ema_rsi,down,0.11,2023-06-06 00:25:59,gain
ema_rsi,up,0.11,2023-06-06 00:51:59,gain
ema_rsi,up,1.1,2023-06-06 01:00:59,draw,draw,draw,draw,loss
ema_rsi,down,0.11,2023-06-06 01:30:59,gain
ema_rsi,down,0.11,2023-06-06 01:42:59,gain
ema_rsi,down,1.0,2023-06-06 01:44:59,loss,gain
ema_rsi,down,1.1,2023-06-06 01:58:59,gain
ema_rsi,down,16.48,2023-06-06 01:58:59,loss,loss,loss
ema_rsi,up,1.02,2023-06-06 02:41:59,draw,gain
ema_rsi,up,2.04,2023-06-06 02:41:59,loss,gain
ema_rsi,up,1.0,2023-06-06 03:43:59,draw,draw,draw,gain
ema_rsi,up,1.02,2023-06-06 04:19:59,gain
ema_rsi,up,1.0,2023-06-06 04:19:59,gain
ema_rsi,up,1.02,2023-06-06 04:30:59,gain
ema_rsi,up,1.03,2023-06-06 04:30:59,gain
ema_rsi,up,1.03,2023-06-06 05:05:59,gain
ema_rsi,up,1.03,2023-06-06 05:05:59,gain
ema_rsi,up,1.03,2023-06-06 05:25:59,gain
ema_rsi,up,1.03,2023-06-06 05:25:59,gain
ema_rsi,up,2.06,2023-06-06 05:35:59,loss,gain
ema_rsi,down,1.03,2023-06-06 06:34:59,gain
ema_rsi_50,up,1.03,2023-06-06 08:21:00,gain
ema_rsi_50,up,1.03,2023-06-06 08:27:00,loss
ema_rsi_8020,up,1.03,2023-06-06 08:31:59,gain
ema_rsi_50,up,1.03,2023-06-06 08:45:00,loss
ema_rsi_50,up,1.03,2023-06-06 08:47:00,loss
ema_rsi_8020,up,1.03,2023-06-06 09:29:59,gain
ema_rsi_8020,down,1.03,2023-06-06 09:35:00,gain
ema_rsi_50,down,1.03,2023-06-06 09:40:00,loss
ema_rsi_50,up,0.02,2023-06-06 09:40:59,loss,loss,loss
ema_rsi_50,down,2.06,2023-06-06 09:41:00,loss,loss,loss
ema_rsi_50,down,0.02,2023-06-06 09:42:00,loss,loss,loss
ema_rsi_50,down,1.0,2023-06-06 09:45:59,gain
ema_rsi_50,up,2.0,2023-06-06 09:46:00,loss,gain
ema_rsi_50,down,1.0,2023-06-06 09:54:59,loss
ema_rsi_50,up,1.01,2023-06-06 09:58:00,gain
ema_rsi_50,up,1.0,2023-06-06 10:04:59,loss
ema_rsi_50,up,1.02,2023-06-06 10:06:59,loss
ema_rsi_50,up,1.01,2023-06-06 10:08:00,gain
ema_rsi_50,up,1.01,2023-06-06 10:09:00,gain
ema_rsi_50,up,1.01,2023-06-06 10:13:59,gain
ema_rsi_50,up,1.02,2023-06-06 10:14:00,gain
ema_rsi_50,up,2.02,2023-06-06 10:13:00,loss,gain
ema_rsi_50,up,1.0,2023-06-06 10:20:00,gain
ema_rsi_8020,up,1.0,2023-06-06 10:22:00,loss
ema_rsi_50,up,2.0,2023-06-06 10:23:00,loss,gain
ema_rsi_50,down,2.06,2023-06-06 10:27:00,loss,gain
ema_rsi_50,up,1.03,2023-06-06 10:28:00,gain
ema_rsi_50,up,1.03,2023-06-06 10:30:00,loss
ema_rsi_8020,up,1.05,2023-06-06 10:34:00,gain
ema_rsi_50,up,1.03,2023-06-06 10:32:59,loss,gain
ema_rsi_50,down,1.03,2023-06-06 10:38:00,gain
ema_rsi_50,up,2.1,2023-06-06 10:37:00,loss,gain
ema_rsi_50,up,1.05,2023-06-06 10:40:59,gain
ema_rsi_50,up,4.16,2023-06-06 10:46:59,loss,loss,loss
ema_rsi_50,up,1.04,2023-06-06 10:50:59,loss
ema_rsi_50,up,1.03,2023-06-06 10:54:00,gain
ema_rsi_50,up,0.42,2023-06-06 10:52:59,loss,loss,loss
ema_rsi_50,down,1.06,2023-06-06 10:58:59,gain
ema_rsi_8020,up,1.05,2023-06-06 10:58:59,gain
ema_rsi_8020,up,1.05,2023-06-06 11:03:59,gain
ema_rsi_50,down,1.05,2023-06-06 11:06:00,gain
ema_rsi_8020,up,1.06,2023-06-06 11:09:00,gain
ema_rsi_50,up,4.16,2023-06-06 11:07:00,loss,loss,loss
ema_rsi_50,up,0.02,2023-06-06 11:12:59,loss,loss,loss
ema_rsi_50,down,1.04,2023-06-06 11:15:00,gain
ema_rsi_8020,up,2.04,2023-06-06 11:16:59,loss,loss
ema_rsi_50,down,1.02,2023-06-06 11:24:00,gain
ema_rsi_50,down,2.04,2023-06-06 11:22:59,loss,loss
ema_rsi_50,up,1.02,2023-06-06 11:24:00,gain
ema_rsi_50,up,2.04,2023-06-06 11:28:59,loss,gain
ema_rsi_50,down,1.0,2023-06-06 11:39:00,gain
ema_rsi_8020,up,1.02,2023-06-06 11:38:59,gain
ema_rsi_50,down,1.0,2023-06-06 11:42:00,loss
ema_rsi_50,up,1.02,2023-06-06 11:46:00,loss
ema_rsi_8020,down,1.03,2023-06-06 11:46:00,gain
ema_rsi_50,down,1.01,2023-06-06 11:46:59,gain
ema_rsi_50,up,1.01,2023-06-06 11:48:00,gain
ema_rsi_50,up,1.02,2023-06-06 11:52:00,gain
ema_rsi_8020,down,1.01,2023-06-06 11:59:00,gain
ema_rsi_50,up,1.03,2023-06-06 12:04:00,gain
ema_rsi_50,down,1.03,2023-06-06 12:05:00,gain
ema_rsi_50,down,1.04,2023-06-06 12:09:59,gain
ema_rsi_50,up,1.02,2023-06-06 12:10:59,loss
ema_rsi_50,up,1.04,2023-06-06 12:14:00,gain
ema_rsi_50,up,1.04,2023-06-06 12:16:00,gain
ema_rsi_50,down,1.04,2023-06-06 12:17:00,gain
ema_rsi_50,up,1.04,2023-06-06 12:18:00,gain
ema_rsi_50,down,1.05,2023-06-06 12:21:00,loss
ema_rsi_50,down,1.05,2023-06-06 12:24:00,gain
ema_rsi_8020,down,1.04,2023-06-06 12:29:59,gain
ema_rsi_8020,up,1.05,2023-06-06 12:30:00,gain
ema_rsi_50,down,1.03,2023-06-06 12:32:00,gain
ema_rsi_50,up,1.04,2023-06-06 12:34:59,gain
ema_rsi_8020,down,1.05,2023-06-06 12:35:59,gain
ema_rsi_50,up,1.05,2023-06-06 12:36:00,loss
ema_rsi_50,up,1.06,2023-06-06 12:39:00,loss
ema_rsi_50,down,1.06,2023-06-06 12:44:00,gain
ema_rsi_8020,down,1.06,2023-06-06 12:47:00,gain
ema_rsi_50,down,1.05,2023-06-06 12:48:00,gain
ema_rsi_8020,up,1.05,2023-06-06 12:48:59,gain
ema_rsi_8020,down,1.05,2023-06-06 12:51:00,gain
ema_rsi_50,down,1.06,2023-06-06 12:54:00,gain
ema_rsi_50,up,1.07,2023-06-06 12:55:00,gain
ema_rsi_50,down,1.07,2023-06-06 12:59:00,gain
ema_rsi_8020,down,4.28,2023-06-06 13:08:00,loss,loss,loss
ema_rsi_8020,down,2.16,2023-06-06 13:18:00,loss,gain
ema_rsi_50,down,1.08,2023-06-06 13:27:59,gain
ema_rsi_50,down,1.09,2023-06-06 13:34:00,gain
ema_rsi_50,down,1.08,2023-06-06 13:46:00,gain
ema_rsi_50,down,1.08,2023-06-06 13:51:00,loss
ema_rsi_50,down,1.08,2023-06-06 13:52:59,loss
ema_rsi_50,down,1.08,2023-06-06 13:59:59,gain
ema_rsi_50,down,1.08,2023-06-06 14:15:00,gain
ema_rsi_50,down,1.08,2023-06-06 14:15:59,gain
ema_rsi_50,down,1.08,2023-06-06 14:17:01,gain
ema_rsi_50,down,1.08,2023-06-06 14:24:00,gain
ema_rsi_50,down,1.09,2023-06-06 14:21:59,loss
ema_rsi_50,down,1.0,2023-06-06 14:26:00,gain
ema_rsi_50,down,1.09,2023-06-06 14:28:59,gain
ema_rsi_50,down,1.07,2023-06-06 14:29:00,gain
ema_rsi_8020,down,1.1,2023-06-06 14:32:59,loss
ema_rsi_8020,down,1.09,2023-06-06 14:36:00,gain
ema_rsi_50,down,1.08,2023-06-06 14:40:00,loss
ema_rsi_50,down,1.09,2023-06-06 14:45:00,gain
ema_rsi_8020,down,1.09,2023-06-06 14:45:00,gain
ema_rsi_50,down,1.09,2023-06-06 14:46:00,gain
ema_rsi_50,down,1.09,2023-06-06 14:46:59,loss
ema_rsi_8020,down,1.1,2023-06-06 14:48:59,gain
ema_rsi_50,down,1.08,2023-06-06 14:50:59,gain
ema_rsi_50,down,0.11,2023-06-06 14:55:59,gain
ema_rsi_50,down,0.11,2023-06-06 14:56:00,gain
ema_rsi_8020,down,2.48,2023-06-06 15:01:00,loss,gain
ema_rsi_50,down,1.1,2023-06-06 15:06:00,loss
ema_rsi_50,down,1.09,2023-06-06 15:08:00,loss
ema_rsi_50,down,1.1,2023-06-06 15:10:59,gain
ema_rsi_50,down,1.1,2023-06-06 15:13:00,gain
ema_rsi_8020,down,1.1,2023-06-06 15:14:00,gain
ema_rsi_50,down,1.1,2023-06-06 15:16:00,gain
ema_rsi_50,down,1.09,2023-06-06 15:17:59,gain
ema_rsi_8020,down,0.11,2023-06-06 15:22:59,gain
ema_rsi_50,down,4.12,2023-06-06 15:24:00,loss
ema_rsi_50,down,4.12,2023-06-06 15:24:00,gain
ema_rsi_50,down,1.13,2023-06-06 15:26:59,gain
ema_rsi_50,down,4.12,2023-06-06 15:27:00,gain
ema_rsi_50,down,4.12,2023-06-06 15:32:59,gain
ema_rsi_50,down,4.12,2023-06-06 15:33:00,gain
ema_rsi_50,down,4.12,2023-06-06 15:33:00,gain
ema_rsi_8020,down,1.0,2023-06-06 15:42:00,gain
ema_rsi_50,down,0.11,2023-06-06 15:41:59,gain
ema_rsi_50,down,4.12,2023-06-06 15:42:00,gain
ema_rsi_50,down,1.16,2023-06-06 15:47:00,loss
ema_rsi_50,down,1.16,2023-06-06 15:46:59,loss
ema_rsi_50,down,1.16,2023-06-06 15:46:59,loss
ema_rsi_8020,down,1.14,2023-06-06 15:52:59,gain
ema_rsi_8020,down,1.16,2023-06-06 15:52:59,gain
ema_rsi_8020,down,2.0,2023-06-06 15:54:00,loss,gain
ema_rsi_50,down,1.14,2023-06-06 15:55:59,draw,draw,draw,loss
ema_rsi_50,down,10.0,2023-06-06 15:55:59,draw,draw,draw,loss
ema_rsi_50,2023-06-06 21:06:59,up,1.15,0.931682,gain
ema_rsi_50,2023-06-06 21:09:00,up,1.15,0.904943,gain
ema_rsi_50,2023-06-06 21:16:59,down,1.15,167.5134,loss
ema_rsi_8020,2023-06-06 21:19:59,up,1.14,0.931545,gain
ema_rsi_50,2023-06-06 21:21:00,down,1.15,167.5191,loss
ema_rsi_50,2023-06-06 21:25:00,up,1.15,167.5258,loss
ema_rsi_50,2023-06-06 21:26:59,up,1.15,0.93146,gain
ema_rsi_50,2023-06-06 21:26:59,up,1.13,167.5256,gain
ema_rsi_50,2023-06-06 21:31:00,up,1.14,167.5347,loss
ema_rsi_50,2023-06-06 21:32:59,up,1.12,0.931553,gain
ema_rsi_8020,2023-06-06 21:37:00,down,1.13,0.904318,gain
ema_rsi_50,2023-06-06 21:37:59,up,1.14,0.931707,gain
ema_rsi_8020,2023-06-06 21:43:00,down,1.14,167.5194,gain
ema_rsi_8020,2023-06-06 21:45:59,up,1.15,0.931533,gain
ema_rsi_50,2023-06-06 21:48:59,down,1.15,0.904213,draw,loss
ema_rsi_50,2023-06-06 21:49:00,up,5.88,0.931654,loss,loss,loss
ema_rsi_8020,2023-06-06 21:54:59,up,1.14,0.931609,gain
ema_rsi_50,2023-06-06 21:56:00,up,1.16,167.5264,gain
ema_rsi_8020,2023-06-06 21:57:59,down,1.16,0.904352,gain
ema_rsi_50,2023-06-06 21:59:59,down,1.15,0.904305,loss
ema_rsi_50,2023-06-06 22:01:00,up,1.14,167.5349,loss
ema_rsi_50,2023-06-06 22:04:59,up,1.14,167.5292,gain
ema_rsi_50,2023-06-06 22:06:00,up,1.15,0.931932,gain
ema_rsi_50,2023-06-06 22:10:00,up,1.14,0.931997,loss
ema_rsi_8020,2023-06-06 22:12:59,up,1.14,167.5303,loss,gain
ema_rsi_50,2023-06-06 22:13:00,up,2.28,0.931937,loss,loss
ema_rsi_50,2023-06-06 22:15:00,down,4.6,0.904389,loss,loss,loss
ema_rsi_50,2023-06-06 22:19:00,down,1.12,0.904403,gain
ema_rsi_50,2023-06-06 22:19:59,up,2.26,0.93185,loss,gain
ema_rsi_8020,2023-06-06 22:22:00,up,1.13,167.5291,gain
ema_rsi_50,2023-06-06 22:27:59,up,1.12,167.5352,loss
ema_rsi_50,2023-06-06 22:29:59,up,4.52,167.5325,loss,loss,loss
ema_rsi_50,2023-06-06 22:49:00,down,1.0,167.5103,gain
ema_rsi_50,2023-06-06 22:52:59,down,1.14,167.505,gain
ema_rsi_50,2023-06-06 22:57:00,down,1.13,167.4918,gain
ema_rsi_50,2023-06-06 23:02:00,down,1.14,167.5028,gain
ema_rsi_50,2023-06-06 23:13:00,down,1.13,167.4741,gain
ema_rsi_50,2023-06-06 23:20:00,down,1.14,167.498,loss
ema_rsi_50,2023-06-06 23:23:00,down,1.14,167.4967,gain
ema_rsi_50,2023-06-06 23:41:00,up,4.56,167.5245,loss,loss,loss
ema_rsi_50,2023-06-06 23:45:59,up,1.11,167.5205,gain
ema_rsi_50,2023-06-06 23:47:59,down,1.1,167.507,loss
ema_rsi_50,2023-06-06 23:56:00,down,0.22,167.4945,loss,loss
ema_rsi_50,2023-06-07 00:12:59,up,1.0,167.5318,gain
ema_rsi_50,2023-06-07 00:16:00,up,1.1,167.5392,gain
ema_rsi_50,2023-06-07 00:22:59,up,1.1,167.551,gain
ema_rsi_50,2023-06-07 00:29:59,up,1.11,167.5776,loss
ema_rsi_50,2023-06-07 00:31:59,up,0.22,167.5757,loss,loss
ema_rsi_50,2023-06-07 05:34:00,down,1.11,0.90274,loss
ema_rsi_50,2023-06-07 05:35:59,down,1.1,0.902758,gain
ema_rsi_50,2023-06-07 05:35:00,down,10.0,0.672641,loss,loss,gain
ema_rsi_50,2023-06-07 05:42:59,down,1.08,0.902697,loss
ema_rsi_8020,2023-06-07 05:43:00,down,1.11,1.196483,gain
ema_rsi_50,2023-06-07 05:46:00,down,1.08,0.902721,gain
ema_rsi_50,2023-06-07 05:48:00,down,2.0,1.196356,loss,gain
ema_rsi_50,2023-06-07 05:49:59,down,1.08,0.90267,gain
ema_rsi_50,2023-06-07 05:51:00,up,1.0,0.673144,gain
ema_rsi_50,2023-06-07 05:56:00,up,2.0,0.673183,loss,gain
ema_rsi_50,2023-06-07 05:58:59,down,1.07,1.195946,gain
ema_rsi_8020,2023-06-07 06:00:00,down,2.16,0.902737,loss,gain
ema_rsi_50,2023-06-07 06:04:59,up,1.07,0.673171,loss
ema_rsi_50,2023-06-07 06:11:59,down,1.11,0.902423,gain
ema_rsi_8020,2023-06-07 06:08:59,up,10.0,0.673126,loss,loss,gain
ema_rsi_50,2023-06-07 06:18:00,down,1.11,0.902382,gain
ema_rsi_50,2023-06-07 06:19:59,up,1.11,0.673224,loss
ema_rsi_50,2023-06-07 06:21:00,down,1.11,0.902321,gain
ema_rsi_50,2023-06-07 06:21:00,down,2.0,1.195061,loss,gain
ema_rsi_8020,2023-06-07 06:23:59,up,10.0,0.673185,loss,loss,loss
ema_rsi_50,2023-06-07 06:28:59,down,1.12,0.673082,gain
ema_rsi_50,2023-06-07 06:34:00,down,1.12,0.673053,gain
ema_rsi_8020,2023-06-07 06:34:59,down,1.12,1.195102,gain
ema_rsi_8020,2023-06-07 06:41:59,down,1.13,1.195286,gain
ema_rsi_50,2023-06-07 06:44:00,down,2.24,0.901728,loss,gain
ema_rsi_50,2023-06-07 06:51:00,up,1.14,0.673486,gain
ema_rsi_50,2023-06-07 06:53:59,down,2.24,0.901819,loss,loss
ema_rsi_8020,2023-06-07 06:53:59,down,2.28,1.195461,loss,loss,loss
ema_rsi_50,2023-06-07 06:57:59,down,1.1,1.195532,gain
ema_rsi_50,2023-06-07 07:00:59,down,1.12,0.901761,draw,loss
ema_rsi_50,2023-06-07 07:04:00,down,1.1,0.901748,gain
ema_rsi_8020,2023-06-07 07:08:00,up,1.15,0.673495,gain
ema_rsi_50,2023-06-07 07:09:00,up,1.1,1.195664,gain
ema_rsi_50,2023-06-07 07:14:00,up,0.22,0.67342,loss,loss
ema_rsi_50,2023-06-07 07:18:59,up,1.1,1.195781,gain
ema_rsi_50,2023-06-07 07:19:00,down,1.1,0.90181,loss,gain
ema_rsi_50,2023-06-07 07:24:59,down,1.1,0.901725,loss
ema_rsi_50,2023-06-07 07:28:00,down,10.0,0.90179,loss,loss,loss
ema_rsi_8020,2023-06-07 07:33:00,down,1.11,0.672948,gain
ema_rsi_50,2023-06-07 07:33:00,down,1.07,0.901679,gain
ema_rsi_50,2023-06-07 07:42:59,down,1.0,1.195193,loss,gain
ema_rsi_50,2023-06-07 07:44:00,down,2.14,0.90147,loss,loss
ema_rsi_50,2023-06-07 07:46:59,down,1.06,0.673097,gain
ema_rsi_50,2023-06-07 07:46:59,down,2.12,0.901514,loss,loss
ema_rsi_50,2023-06-07 07:49:00,down,2.12,1.195177,loss,gain
ema_rsi_8020,2023-06-07 07:51:00,down,1.04,0.901517,loss,gain
ema_rsi_8020,2023-06-07 07:56:00,down,2.08,1.195308,loss,gain
ema_rsi_50,2023-06-07 07:57:59,down,2.1,0.901403,loss,gain
ema_rsi_50,2023-06-07 08:01:59,up,1.04,1.195425,loss
ema_rsi_50,2023-06-07 08:05:00,down,1.06,1.195304,gain
ema_rsi_50,2023-06-07 08:07:00,down,1.06,0.672666,gain
ema_rsi_50,2023-06-07 08:09:00,down,2.1,0.901207,loss,loss
ema_rsi_8020,2023-06-07 08:13:59,down,2.1,0.901225,loss,gain
ema_rsi_50,2023-06-07 08:18:59,down,1.06,0.672814,gain
ema_rsi_50,2023-06-07 08:19:00,down,1.06,1.194917,gain
ema_rsi_50,2023-06-07 08:21:59,down,1.04,0.901226,gain
ema_rsi_50,2023-06-07 08:22:59,down,1.07,1.194949,loss
ema_rsi_8020,2023-06-07 08:27:00,down,1.07,1.195022,gain
ema_rsi_50,2023-06-07 08:31:59,down,2.14,0.901022,loss,loss
ema_rsi_50,2023-06-07 08:34:59,down,1.05,0.901042,gain
ema_rsi_50,2023-06-07 08:33:00,down,4.28,1.195032,loss,loss,loss
ema_rsi_50,2023-06-07 08:35:59,up,1.05,0.673021,loss
ema_rsi_50,2023-06-07 08:38:00,down,1.04,1.195108,loss
ema_rsi_50,2023-06-07 08:37:59,up,1.04,0.67302,gain
ema_rsi_50,2023-06-07 08:40:59,down,1.04,1.195178,loss
ema_rsi_50,2023-06-07 08:46:59,up,1.04,1.195322,gain
ema_rsi_8020,2023-06-07 08:49:00,up,4.16,0.673071,loss,loss,loss
ema_rsi_50,2023-06-07 08:54:59,up,1.04,1.195497,loss
ema_rsi_50,2023-06-07 08:57:00,up,1.06,1.195461,gain
ema_rsi_8020,2023-06-07 08:57:00,down,1.04,0.90031,gain
ema_rsi_50,2023-06-07 09:07:00,up,1.02,0.673356,gain
ema_rsi_8020,2023-06-07 09:06:59,up,1.05,1.195341,gain
ema_rsi_50,2023-06-07 09:13:00,up,2.14,0.673483,loss,gain
ema_rsi_8020,2023-06-07 09:14:00,down,2.1,0.900299,loss,gain
ema_rsi_50,2023-06-07 09:16:59,down,1.07,1.195261,gain
ema_rsi_50,2023-06-07 09:21:59,down,1.1,1.195224,gain
ema_rsi_8020,2023-06-07 09:23:00,up,1.08,0.673467,gain
ema_rsi_50,2023-06-07 09:22:59,down,1.08,0.900108,gain
ema_rsi_50,2023-06-07 09:25:59,down,1.11,1.195226,gain
ema_rsi_50,2023-06-07 09:32:00,down,2.24,0.899959,loss,loss
ema_rsi_8020,2023-06-07 09:38:00,down,0.22,0.900112,loss,gain
ema_rsi_50,2023-06-07 09:40:00,up,1.12,0.673726,gain
ema_rsi_8020,2023-06-07 09:40:59,down,1.12,1.195063,gain
ema_rsi_50,2023-06-07 09:43:00,up,10.0,0.673742,loss,loss,loss
ema_rsi_8020,2023-06-07 09:48:00,down,4.4,0.900047,loss,loss,loss
ema_rsi_8020,2023-06-07 09:49:59,down,1.11,1.194823,gain
ema_rsi_8020,2023-06-07 09:51:00,up,1.1,0.67361,gain
ema_rsi_50,2023-06-07 09:54:00,down,1.11,1.194826,gain
ema_rsi_50,2023-06-07 09:56:00,down,1.07,0.899897,gain
ema_rsi_50,2023-06-07 10:00:59,up,0.22,0.673853,loss,loss
ema_rsi_50,2023-06-07 10:02:59,down,1.11,1.19458,gain
ema_rsi_8020,2023-06-07 10:04:59,down,4.48,0.900179,loss,loss,loss
ema_rsi_8020,2023-06-07 10:08:00,up,1.1,0.673689,gain
ema_rsi_50,2023-06-07 10:08:59,down,1.11,1.194504,gain
ema_rsi_50,2023-06-07 10:10:01,down,1.06,0.673558,gain
ema_rsi_50,2023-06-07 10:17:00,down,1.08,1.194581,gain
ema_rsi_8020,2023-06-07 10:21:00,up,1.07,0.900214,gain
ema_rsi_50,2023-06-07 10:22:59,down,1.08,1.194639,gain
ema_rsi_50,2023-06-07 10:22:59,down,1.08,0.900177,loss
ema_rsi_50,2023-06-07 10:29:00,up,1.08,0.900315,gain
ema_rsi_50,2023-06-07 10:29:59,up,1.07,0.674497,loss
ema_rsi_50,2023-06-07 10:33:00,up,1.0,0.90034,loss
ema_rsi_50,2023-06-07 10:32:59,down,2.16,1.19438,loss,gain
ema_rsi_8020,2023-06-07 10:37:00,up,1.08,0.674349,gain
ema_rsi_50,2023-06-07 10:38:00,up,1.07,0.900215,gain
ema_rsi_50,2023-06-07 10:41:00,up,2.16,0.67441,loss,loss
ema_rsi_50,2023-06-07 10:43:00,up,4.32,0.90027,loss,loss,loss
ema_rsi_8020,2023-06-07 10:47:00,up,1.08,0.674148,gain
ema_rsi_50,2023-06-07 10:50:59,up,1.05,0.674176,loss
ema_rsi_50,2023-06-07 10:53:59,up,1.06,0.674148,gain
ema_rsi_50,2023-06-07 11:04:00,up,1.06,0.900483,gain
ema_rsi_8020,2023-06-07 11:11:00,up,2.12,0.90038,loss,gain
ema_rsi_8020,2023-06-07 11:26:00,up,4.24,0.674291,loss,loss,gain
ema_rsi_50,2023-06-07 11:30:00,up,1.05,0.900355,gain
ema_rsi_50,2023-06-07 11:33:00,down,2.0,0.90028,loss,gain
ema_rsi_50,2023-06-07 11:37:00,up,4.4,1.52206,loss,loss,loss
ema_rsi_50,2023-06-07 11:41:00,down,1.1,0.900147,gain
ema_rsi_8020,2023-06-07 11:43:59,up,1.0,0.674585,loss,loss,loss
ema_rsi_50,2023-06-07 11:48:01,up,1.06,0.67457,gain
ema_rsi_50,2023-06-07 11:51:01,up,1.06,0.674617,loss
ema_rsi_50,2023-06-07 11:56:00,up,1.06,0.674612,gain
ema_rsi_50,2023-06-07 11:56:01,down,2.14,0.899773,loss,gain
ema_rsi_50,2023-06-07 11:59:01,up,1.08,1.521916,gain
ema_rsi_50,2023-06-07 12:01:01,down,1.08,1.521849,gain
ema_rsi_8020,2023-06-07 12:07:59,up,1.06,0.674712,gain
ema_rsi_8020,2023-06-07 12:08:59,down,1.08,0.899543,gain
ema_rsi_8020,2023-06-07 12:15:00,down,1.08,0.899676,gain
ema_rsi_8020,2023-06-07 12:14:00,down,2.14,1.52174,loss,loss
ema_rsi_50,2023-06-07 12:17:00,up,1.08,0.674684,gain
ema_rsi_8020,2023-06-07 12:17:00,down,1.07,1.521881,gain
ema_rsi_50,2023-06-07 12:18:00,down,1.06,0.899619,loss
ema_rsi_50,2023-06-07 12:19:59,down,1.08,0.899641,gain
ema_rsi_50,2023-06-07 12:28:59,up,1.06,0.674975,loss
ema_rsi_50,2023-06-07 12:29:01,down,1.08,1.521492,gain
ema_rsi_50,2023-06-07 12:30:01,down,2.14,0.899571,loss,gain
ema_rsi_50,2023-06-07 12:32:00,up,1.07,0.675041,gain
ema_rsi_50,2023-06-07 12:38:00,down,4.32,1.521277,loss,loss,gain
ema_rsi_8020,2023-06-07 12:44:59,up,1.0,0.675129,gain
ema_rsi_8020,2023-06-07 12:46:00,down,1.08,1.521448,gain
ema_rsi_50,2023-06-07 13:39:59,down,1.13,0.674846,loss
ema_rsi_50,2023-06-07 13:40:59,up,1.14,1.521801,gain
ema_rsi_50,2023-06-07 13:42:59,up,1.14,0.674912,gain
ema_rsi_50,2023-06-07 13:44:00,up,1.14,1.521835,gain
ema_rsi_50,2023-06-07 13:49:59,up,4.56,1.522041,loss,loss,loss
ema_rsi_50,2023-06-07 13:58:00,up,1.1,1.521863,loss
ema_rsi_50,2023-06-07 13:59:01,down,2.28,0.674735,loss,gain
ema_rsi_8020,2023-06-07 14:05:01,down,1.0,0.898358,gain
ema_rsi_50,2023-06-07 14:06:00,up,4.4,1.521822,loss,loss,gain
ema_rsi_50,2023-06-07 14:07:00,down,2.16,0.674795,loss,loss
ema_rsi_8020,2023-06-07 14:10:00,down,1.07,0.674868,gain
ema_rsi_50,2023-06-07 14:14:00,down,1.11,0.674771,loss
ema_rsi_50,2023-06-07 14:18:00,down,0.22,0.897921,loss,loss
ema_rsi_50,2023-06-07 14:22:01,down,1.1,0.897914,gain
ema_rsi_50,2023-06-07 14:22:59,up,1.12,0.675207,loss,loss,loss
ema_rsi_50,2023-06-07 14:27:59,down,1.11,1.521603,loss,gain
ema_rsi_50,2023-06-07 14:33:00,down,2.2,0.897774,loss,loss
ema_rsi_50,2023-06-07 14:37:00,down,1.1,0.674725,loss
ema_rsi_8020,2023-06-07 14:55:00,down,1.08,0.898174,gain
ema_rsi_50,2023-06-07 14:56:59,down,1.1,1.52127,gain
ema_rsi_50,2023-06-07 14:57:00,down,1.08,0.6747,gain
ema_rsi_50,2023-06-07 14:58:00,up,1.08,0.898239,loss
ema_rsi_50,2023-06-07 15:04:00,down,1.0,0.898092,loss
ema_rsi_50,2023-06-07 15:04:00,down,1.0,1.521237,gain
ema_rsi_50,2023-06-07 15:06:00,down,1.0,0.898065,gain
ema_rsi_50,2023-06-07 15:05:59,down,1.0,0.674595,loss
ema_rsi_50,2023-06-07 15:10:00,down,1.08,0.674617,loss
ema_rsi_50,2023-06-07 15:12:00,down,2.16,0.674627,loss,loss
ema_rsi_50,2023-06-07 15:14:59,down,2.12,0.674649,loss,loss
ema_rsi_50,2023-06-07 15:18:00,down,2.12,0.674604,loss,gain
ema_rsi_8020,2023-06-07 15:19:59,down,1.08,0.897985,gain
ema_rsi_50,2023-06-07 15:22:00,down,1.07,0.897925,gain
ema_rsi_50,2023-06-07 15:22:00,down,1.04,0.674641,gain
ema_rsi_8020,2023-06-07 15:23:00,down,1.0,1.521113,gain
ema_rsi_8020,2023-06-07 15:31:59,down,1.08,1.521084,loss
ema_rsi_8020,2023-06-07 15:35:00,up,1.04,0.673752,gain
ema_rsi_50,2023-06-07 15:38:59,up,1.07,0.673878,loss
ema_rsi_8020,2023-06-07 15:42:59,up,4.32,0.673725,loss,loss,loss
ema_rsi_50,2023-06-07 15:47:00,up,1.06,0.673707,gain
ema_rsi_8020,2023-06-07 15:47:59,down,1.08,0.897607,gain
ema_rsi_50,2023-06-07 15:54:59,down,1.06,0.897381,gain
ema_rsi_8020,2023-06-07 16:02:00,down,1.07,0.897425,gain
ema_rsi_50,2023-06-07 16:00:59,down,2.1,0.674051,loss,gain
ema_rsi_50,2023-06-07 16:05:59,down,1.0,0.674014,gain
ema_rsi_50,2023-06-07 16:05:59,down,2.14,0.897399,loss,gain
ema_rsi_50,2023-06-07 16:11:00,down,1.0,0.67388,loss
ema_rsi_50,2023-06-07 16:14:59,down,1.08,0.897287,gain
ema_rsi_50,2023-06-07 16:18:00,down,2.2,0.673997,loss,gain
ema_rsi_50,2023-06-07 16:19:00,down,1.1,0.897204,gain
ema_rsi_50,2023-06-07 16:23:59,up,1.08,0.89705,gain
ema_rsi_8020,2023-06-07 16:25:59,up,2.16,0.673664,loss,gain
ema_rsi_50,2023-06-07 16:38:59,down,1.1,0.673891,loss
ema_rsi_50,2023-06-07 16:40:00,down,0.22,0.89713,loss,loss
ema_rsi_50,2023-06-07 16:42:00,down,1.12,0.673917,gain
ema_rsi_50,2023-06-07 16:45:59,down,1.1,0.673923,gain
ema_rsi_8020,2023-06-07 16:45:59,down,2.2,0.897263,loss,gain
ema_rsi_50,2023-06-07 16:48:00,down,1.1,0.6739,loss
ema_rsi_50,2023-06-07 17:03:00,up,1.1,0.674381,gain
ema_rsi_50,2023-06-07 17:07:00,down,1.1,0.896955,gain
ema_rsi_50,2023-06-07 17:11:00,up,1.1,0.674662,gain
ema_rsi_8020,2023-06-07 17:12:00,up,1.08,0.722902,gain
ema_rsi_50,2023-06-07 17:18:00,up,1.11,0.674682,gain
ema_rsi_8020,2023-06-07 17:26:00,up,1.11,0.674501,gain
ema_rsi_8020,2023-06-07 17:25:00,down,4.4,0.897197,loss,loss,loss
ema_rsi_50,2023-06-07 17:29:00,down,1.1,0.897195,loss
ema_rsi_50,2023-06-07 17:30:59,up,1.11,0.897275,gain
ema_rsi_50,2023-06-07 17:33:00,up,1.11,0.674374,loss
ema_rsi_50,2023-06-07 17:35:59,up,0.22,0.897267,loss,loss
ema_rsi_50,2023-06-07 17:39:00,up,2.1,0.897338,loss,gain
ema_rsi_50,2023-06-07 17:44:59,up,1.05,0.897382,loss
ema_rsi_50,2023-06-07 17:43:59,down,4.4,0.674032,loss,loss,loss
ema_rsi_50,2023-06-07 17:51:00,down,1.05,0.674077,gain
ema_rsi_8020,2023-06-07 17:49:59,up,4.2,0.89727,loss,loss,loss
ema_rsi_50,2023-06-07 17:58:00,down,1.05,0.897146,gain
ema_rsi_8020,2023-06-07 17:57:59,up,4.2,0.673815,loss,loss,gain
ema_rsi_50,2023-06-07 18:00:59,down,2.1,0.897017,loss,gain
ema_rsi_50,2023-06-07 18:04:59,down,2.1,0.673896,loss,loss
ema_rsi_50,2023-06-07 18:08:59,down,4.2,0.67385,loss,loss,loss
ema_rsi_50,2023-06-07 18:13:00,down,4.2,0.673806,loss,loss,loss
ema_rsi_50,2023-06-07 18:15:59,up,1.05,0.897297,gain
ema_rsi_8020,2023-06-07 21:12:00,down,1.05,0.896322,gain
ema_rsi_50,2023-06-07 21:18:00,up,4.2,145.9124,loss,loss,loss
ema_rsi_50,2023-06-07 21:20:00,down,1.06,0.896081,gain
ema_rsi_8020,2023-06-07 21:26:00,down,2.08,0.89622,loss,gain
ema_rsi_8020,2023-06-07 21:32:00,up,4.16,145.9119,loss,loss,loss
ema_rsi_8020,2023-06-07 21:36:59,up,1.06,145.8922,gain
ema_rsi_8020,2023-06-07 21:35:00,down,2.14,0.896325,loss,loss,loss
ema_rsi_50,2023-06-07 21:37:00,down,1.05,0.916916,gain
ema_rsi_50,2023-06-07 21:40:00,up,1.02,145.9058,gain
ema_rsi_8020,2023-06-07 21:45:59,down,1.05,0.916911,gain
ema_rsi_50,2023-06-07 21:51:00,down,1.07,0.916934,gain
ema_rsi_50,2023-06-07 21:57:01,down,1.07,0.91683,gain
ema_rsi_50,2023-06-07 21:58:59,up,1.05,145.9098,gain
ema_rsi_8020,2023-06-07 22:03:59,up,1.07,145.8973,gain
ema_rsi_50,2023-06-07 22:08:00,down,4.16,0.89608,loss,loss,loss
ema_rsi_8020,2023-06-07 22:16:00,down,4.28,0.916791,loss,loss,gain
ema_rsi_50,2023-06-07 22:20:59,up,1.05,0.896456,gain
ema_rsi_50,2023-06-07 22:59:00,up,1.02,0.915873,gain
ema_rsi_50,2023-06-07 23:00:01,up,1.06,0.897117,gain
ema_rsi_50,2023-06-07 23:03:00,down,1.06,0.915893,gain
ema_rsi_8020,2023-06-07 23:07:59,down,1.06,0.916029,gain
ema_rsi_50,2023-06-07 23:11:00,down,1.06,0.916003,loss
ema_rsi_50,2023-06-07 23:22:59,down,1.06,0.897763,gain
ema_rsi_50,2023-06-08 06:04:59,up,2.12,0.896599,loss,gain
ema_rsi_8020,2023-06-08 06:22:59,up,2.1,0.89685,loss,gain
ema_rsi_8020,2023-06-08 06:56:59,down,10.0,1.097874,loss,gain
ema_rsi_50,2023-06-08 07:00:00,down,10.0,0.896343,gain
ema_rsi_8020,2023-06-08 07:05:01,down,40.0,0.89644,loss,loss,loss
ema_rsi_50,2023-06-08 07:24:00,down,1.02,1.097792,gain
ema_rsi_8020,2023-06-08 07:27:59,down,1.02,146.1876,gain
ema_rsi_50,2023-06-08 07:30:00,down,0.04,1.097815,loss,loss,loss
ema_rsi_50,2023-06-08 07:33:01,down,1.02,0.89606,loss
ema_rsi_50,2023-06-08 07:35:00,down,1.03,146.173,gain
ema_rsi_50,2023-06-08 07:37:01,down,1.03,0.896065,gain
ema_rsi_50,2023-06-08 07:43:00,down,0.04,146.1613,loss,loss,loss
ema_rsi_50,2023-06-08 07:45:00,down,1.03,0.896153,gain
ema_rsi_50,2023-06-08 07:48:00,down,1.02,146.1623,gain
ema_rsi_50,2023-06-08 07:54:59,up,1.0,1.098218,gain
ema_rsi_50,2023-06-08 07:59:59,up,1.06,1.098322,gain
ema_rsi_8020,2023-06-08 08:00:00,down,2.04,0.89607,loss,gain
ema_rsi_50,2023-06-08 08:08:59,up,1.06,1.098545,gain
ema_rsi_50,2023-06-08 08:11:59,down,1.06,0.895888,gain
ema_rsi_50,2023-06-08 08:17:00,down,1.06,0.895842,gain
ema_rsi_8020,2023-06-08 08:28:00,up,1.06,1.098719,gain
ema_rsi_8020,2023-06-08 08:28:59,down,2.12,0.895834,loss,loss
ema_rsi_8020,2023-06-08 08:31:59,down,2.1,0.895846,loss,loss
ema_rsi_50,2023-06-08 08:40:00,up,1.06,1.099029,loss
ema_rsi_50,2023-06-08 08:40:59,up,1.04,0.8961,gain
ema_rsi_50,2023-06-08 08:44:00,up,1.03,1.098912,gain
ema_rsi_50,2023-06-08 08:45:00,up,1.03,0.896155,gain
ema_rsi_50,2023-06-08 08:55:01,up,1.06,146.2121,gain
ema_rsi_50,2023-06-08 08:58:01,up,1.03,146.215,loss
ema_rsi_8020,2023-06-08 09:01:00,up,2.06,0.89612,loss,loss
ema_rsi_50,2023-06-08 09:06:00,up,1.02,1.098961,loss
ema_rsi_8020,2023-06-08 09:22:59,down,2.06,0.89599,loss,loss,gain
ema_rsi_50,2023-06-08 09:24:00,down,0.04,146.1692,loss,loss,loss
ema_rsi_8020,2023-06-08 09:32:00,down,2.0,146.1729,loss,gain
ema_rsi_50,2023-06-08 09:33:00,down,1.01,1.098218,loss,loss,loss
ema_rsi_50,2023-06-08 09:39:00,down,1.02,146.1679,loss
ema_rsi_8020,2023-06-08 09:40:00,down,1.04,1.098455,gain
ema_rsi_8020,2023-06-08 09:44:59,down,1.0,0.895784,gain
ema_rsi_50,2023-06-08 09:49:59,down,1.04,0.895756,loss
ema_rsi_8020,2023-06-08 09:54:00,down,1.04,0.895833,loss
ema_rsi_8020,2023-06-08 09:55:59,down,1.03,0.895862,gain
ema_rsi_50,2023-06-08 09:56:01,up,1.03,146.2081,loss
ema_rsi_8020,2023-06-08 09:58:00,down,2.08,1.098396,loss,loss
ema_rsi_50,2023-06-08 10:11:00,down,1.03,146.1679,gain
ema_rsi_50,2023-06-08 10:11:00,up,2.02,1.098885,loss,gain
ema_rsi_8020,2023-06-08 10:17:00,down,2.06,146.1601,loss,gain
ema_rsi_50,2023-06-08 10:26:00,down,1.03,146.139,loss
ema_rsi_8020,2023-06-08 10:28:00,up,1.03,1.098667,loss,gain
ema_rsi_50,2023-06-08 10:28:00,down,2.04,146.1402,loss,loss
ema_rsi_8020,2023-06-08 10:31:00,down,1.03,0.895441,gain
ema_rsi_8020,2023-06-08 10:33:00,down,4.04,146.1587,loss,loss,loss
ema_rsi_8020,2023-06-08 10:37:00,down,1.01,0.895496,gain
ema_rsi_50,2023-06-08 10:53:00,down,1.04,0.895182,gain
ema_rsi_8020,2023-06-08 10:56:01,down,1.01,146.1591,loss,gain
ema_rsi_8020,2023-06-08 11:06:59,down,1.01,1.098405,gain
ema_rsi_8020,2023-06-08 11:15:00,down,1.01,1.098349,loss,gain
ema_rsi_50,2023-06-08 11:20:00,up,1.01,146.1946,loss,loss
ema_rsi_8020,2023-06-08 11:31:01,up,1.01,146.1808,gain
ema_rsi_50,2023-06-08 11:35:00,down,1.01,1.098242,gain
ema_rsi_50,2023-06-08 11:38:00,up,1.04,146.194,loss
ema_rsi_8020,2023-06-08 11:46:00,up,1.04,0.895522,gain
ema_rsi_8020,2023-06-08 11:57:01,up,1.06,1.098556,gain
ema_rsi_50,2023-06-08 11:56:00,up,2.1,146.2029,loss,gain
ema_rsi_50,2023-06-08 12:09:00,down,2.12,0.895128,loss,gain
ema_rsi_50,2023-06-08 12:24:59,down,1.06,0.894599,gain
ema_rsi_50,2023-06-08 12:25:01,down,4.0,1.098184,loss,loss,gain
ema_rsi_8020,2023-06-08 12:31:00,down,1.08,0.894765,gain
ema_rsi_8020,2023-06-08 12:29:00,up,4.0,146.2437,loss,loss,loss
ema_rsi_8020,2023-06-08 12:35:01,down,1.07,1.098325,gain
ema_rsi_50,2023-06-08 12:44:00,down,1.07,0.89443,gain
ema_rsi_50,2023-06-08 12:48:01,down,2.24,1.098038,draw,loss,gain
ema_rsi_8020,2023-06-08 13:01:01,up,2.16,146.2138,loss,gain
ema_rsi_50,2023-06-08 13:03:00,down,0.22,1.0976,loss,loss
ema_rsi_8020,2023-06-08 13:03:00,down,4.48,0.894679,loss,loss,gain
ema_rsi_8020,2023-06-08 13:08:01,down,1.11,1.097733,loss
ema_rsi_8020,2023-06-08 13:10:01,down,2.26,1.097921,loss,gain
ema_rsi_50,2023-06-08 13:21:01,up,0.22,1.098214,loss,gain
ema_rsi_8020,2023-06-08 13:30:00,up,1.0,0.894745,gain
ema_rsi_50,2023-06-08 13:31:59,down,1.13,0.894637,gain
ema_rsi_8020,2023-06-08 13:36:01,up,1.11,1.098255,gain
ema_rsi_8020,2023-06-08 13:44:00,up,1.11,146.2279,gain
ema_rsi_8020,2023-06-08 13:43:59,down,4.48,0.894635,loss,loss,loss
ema_rsi_8020,2023-06-08 13:54:01,up,4.56,1.09839,loss,loss,loss
ema_rsi_50,2023-06-08 14:21:59,up,1.11,0.895054,loss
ema_rsi_50,2023-06-08 14:27:59,up,1.1,0.894931,gain
ema_rsi_50,2023-06-08 14:31:00,up,2.2,0.894951,loss,loss
ema_rsi_50,2023-06-08 14:34:00,up,4.0,0.89498,loss,loss,gain
ema_rsi_50,2023-06-08 14:40:00,up,4.4,0.89503,loss,loss,gain
ema_rsi_50,2023-06-08 14:46:00,up,1.1,0.894995,gain
ema_rsi_50,2023-06-08 14:49:00,down,2.2,1.09768,loss,loss
ema_rsi_50,2023-06-08 14:56:59,up,1.11,0.894997,gain
ema_rsi_8020,2023-06-08 14:59:00,down,2.0,1.097817,loss,loss
ema_rsi_50,2023-06-08 15:07:01,up,1.1,146.2574,gain
ema_rsi_8020,2023-06-08 15:18:00,up,1.0,0.895424,gain
ema_rsi_50,2023-06-08 15:22:01,up,1.08,146.3092,loss
ema_rsi_8020,2023-06-08 15:25:00,up,1.0,146.3002,gain
ema_rsi_50,2023-06-08 15:24:59,up,1.08,0.895498,gain
ema_rsi_8020,2023-06-08 15:30:00,down,2.16,1.097575,loss,loss
ema_rsi_50,2023-06-08 15:35:00,up,1.0,146.3267,gain
ema_rsi_50,2023-06-08 15:42:01,down,1.0,1.097498,gain
ema_rsi_50,2023-06-08 15:45:00,up,1.1,0.89598,gain
ema_rsi_8020,2023-06-08 15:45:00,up,1.1,146.3289,gain
ema_rsi_50,2023-06-08 15:53:01,down,1.1,1.097514,gain
ema_rsi_50,2023-06-08 15:59:00,down,1.13,1.097531,gain
ema_rsi_50,2023-06-08 16:00:59,up,1.1,0.89634,gain
ema_rsi_50,2023-06-08 16:04:01,down,1.13,1.097469,loss,loss
ema_rsi_50,2023-06-08 16:10:00,up,1.13,146.3719,gain
ema_rsi_50,2023-06-08 16:11:01,down,1.13,1.09749,gain
ema_rsi_50,2023-06-08 16:14:01,up,1.13,146.3768,gain
ema_rsi_8020,2023-06-08 16:20:00,up,2.26,0.896398,loss,gain
ema_rsi_50,2023-06-08 16:27:00,up,1.14,146.3659,gain
ema_rsi_50,2023-06-08 16:32:00,up,1.14,146.3698,gain
ema_rsi_50,2023-06-08 16:30:00,down,2.3,1.097198,loss,draw,gain
ema_rsi_50,2023-06-08 16:36:00,up,1.16,146.3692,loss
ema_rsi_50,2023-06-08 16:39:00,up,1.47,146.3683,gain
ema_rsi_8020,2023-06-08 17:00:00,up,4.64,146.3843,loss,loss,loss
ema_rsi_50,2023-06-08 17:02:00,down,2.32,1.096522,loss,loss
ema_rsi_8020,2023-06-08 17:04:59,up,1.12,0.897281,gain
ema_rsi_50,2023-06-08 17:15:00,up,2.3,146.3891,loss,gain
ema_rsi_8020,2023-06-08 17:22:01,up,4.56,146.3852,loss,loss,loss
ema_rsi_50,2023-06-08 17:37:00,up,12.0,146.3931,loss,loss
ema_rsi_50,2023-06-08 17:40:00,up,0.22,146.3947,loss,loss
ema_rsi_50,2023-06-08 17:46:59,up,1.15,1.097326,loss
ema_rsi_50,2023-06-08 18:07:00,down,1.0,1.096653,gain
ema_rsi_50,2023-06-08 18:06:00,down,2.2,146.3554,loss,gain
ema_rsi_50,2023-06-08 18:17:00,down,1.07,1.096794,gain
ema_rsi_50,2023-06-08 18:20:00,down,2.16,146.3462,loss,gain
ema_rsi_8020,2023-06-08 19:21:59,up,1.1,0.899166,gain
ema_rsi_50,2023-06-08 19:31:00,up,1.10,0.899115,gain
ema_rsi_50,2023-06-08 19:31:00,down,1.10,0.834196,loss,loss
ema_rsi_50,2023-06-08 19:38:00,down,2.20,0.834339,loss,loss
ema_rsi_8020,2023-06-08 19:42:00,up,2.20,0.899202,loss,loss
ema_rsi_50,2023-06-08 19:54:59,down,2.20,146.2401,loss,loss
ema_rsi_50,2023-06-08 19:58:59,down,1.10,0.89865,gain
ema_rsi_50,2023-06-08 19:59:00,up,1.10,0.834714,gain
ema_rsi_8020,2023-06-08 20:09:00,up,2.20,0.834792,loss,gain
ema_rsi_50,2023-06-08 20:16:59,up,1.10,0.897784,gain
ema_rsi_8020,2023-06-08 20:25:00,down,1.10,0.897827,gain
ema_rsi_50,2023-06-08 20:29:59,down,1.10,0.897871,gain
ema_rsi_50,2023-06-08 20:34:59,up,1.10,0.834787,gain
ema_rsi_50,2023-06-08 20:36:59,up,2.20,146.3748,loss,gain
ema_rsi_8020,2023-06-08 20:41:59,down,1.10,0.898201,gain
ema_rsi_50,2023-06-08 20:46:00,up,2.20,146.3694,loss,loss
ema_rsi_8020,2023-06-08 20:44:59,up,4.40,0.834848,loss,loss,loss
ema_rsi_8020,2023-06-08 20:50:59,up,2.20,0.83479,loss,loss
ema_rsi_50,2023-06-08 20:51:59,up,2.20,146.369,loss,loss
ema_rsi_50,2023-06-08 20:55:59,down,1.10,0.898067,loss
ema_rsi_50,2023-06-08 20:55:00,up,4.40,146.3694,loss,loss,loss
ema_rsi_50,2023-06-08 20:58:59,up,1.10,146.369,loss
ema_rsi_50,2023-06-08 21:00:59,down,1.10,0.834406,gain
ema_rsi_8020,2023-06-08 21:18:59,up,1.10,146.4243,gain
ema_rsi_8020,2023-06-08 21:20:59,down,1.10,0.83457,gain
ema_rsi_50,2023-06-08 21:23:59,up,1.10,146.4355,gain
ema_rsi_50,2023-06-08 21:29:59,up,1.10,146.4379,gain
ema_rsi_8020,2023-06-08 21:37:59,up,1.10,146.4443,gain
ema_rsi_50,2023-06-08 21:45:59,up,2.20,146.4673,loss,loss
ema_rsi_50,2023-06-08 21:48:59,up,1.10,0.834872,loss
ema_rsi_8020,2023-06-08 21:52:59,up,1.10,0.834749,gain
ema_rsi_8020,2023-06-08 22:03:59,down,2.20,146.4081,loss,gain
ema_rsi_50,2023-06-08 22:06:59,up,4.40,0.834831,loss,loss,gain
ema_rsi_50,2023-06-08 22:17:59,down,1.10,146.3813,loss
ema_rsi_50,2023-06-08 22:19:59,down,1.10,146.3796,loss
ema_rsi_50,2023-06-08 22:21:59,down,1.10,146.3793,gain
ema_rsi_8020,2023-06-08 22:32:59,down,1.10,146.3963,gain
ema_rsi_50,2023-06-08 22:33:59,up,1.10,0.834962,loss
ema_rsi_50,2023-06-08 22:35:59,up,1.10,0.834926,gain
ema_rsi_8020,2023-06-08 22:51:59,down,1.10,146.3799,gain
ema_rsi_50,2023-06-08 22:58:59,down,1.10,146.3731,loss
ema_rsi_50,2023-06-08 23:05:00,up,4.40,0.833692,loss,loss,loss
ema_rsi_50,2023-06-08 23:12:59,down,1.10,146.3666,gain
ema_rsi_50,2023-06-08 23:21:59,up,2.20,0.833265,loss,gain
ema_rsi_50,2023-06-08 23:28:59,up,1.10,0.833316,gain
ema_rsi_50,2023-06-08 23:30:59,down,1.10,0.833322,gain
ema_rsi_8020,2023-06-08 23:40:00,down,4.40,0.833405,loss,loss,loss
ema_rsi_8020,2023-06-08 23:44:59,down,4.40,0.833526,loss,loss,loss
ema_rsi_8020,2023-06-08 23:49:00,down,2.20,0.833655,loss,loss
ema_rsi_8020,2023-06-09 00:12:59,down,1.10,0.833579,gain
ema_rsi_8020,2023-06-09 00:28:59,up,1.10,146.4189,gain
ema_rsi_50,2023-06-09 06:32:59,down,1.10,0.833903,gain
ema_rsi_50,2023-06-09 06:43:00,down,1.10,0.834037,gain
ema_rsi_50,2023-06-09 06:51:59,down,1.10,0.833966,loss
ema_rsi_8020,2023-06-09 06:53:59,down,1.10,0.834061,loss,loss
ema_rsi_50,2023-06-09 07:03:59,up,1.10,0.83423,loss,loss
ema_rsi_50,2023-06-09 07:06:59,up,1.10,0.834251,gain
ema_rsi_8020,2023-06-09 07:15:01,up,1.10,0.834219,gain
ema_rsi_8020,2023-06-09 07:33:59,down,1.1,146.4756,gain
ema_rsi_50,2023-06-09 08:14:00,down,1.1,0.89553,gain
ema_rsi_50,2023-06-09 08:15:00,up,1.1,0.834101,gain
ema_rsi_50,2023-06-09 08:20:00,down,1.1,0.8955,loss
ema_rsi_8020,2023-06-09 08:25:00,up,1.1,0.833987,gain
ema_rsi_50,2023-06-09 08:46:59,up,1.1,0.83414,loss
ema_rsi_8020,2023-06-09 09:04:59,up,1.1,1.387365,gain
ema_rsi_8020,2023-06-09 09:11:59,up,1.1,0.834228,gain
ema_rsi_50,2023-06-09 09:33:00,down,1.1,0.83397,gain
ema_rsi_50,2023-06-09 09:41:00,down,1.1,0.833717,gain
ema_rsi_50,2023-06-09 09:42:00,up,1.1,1.387854,loss,gain
ema_rsi_50,2023-06-09 09:46:00,up,1.1,1.387857,loss
ema_rsi_50,2023-06-09 09:54:00,down,1.1,0.833765,gain
ema_rsi_50,2023-06-09 09:59:00,down,1.1,0.833762,gain
ema_rsi_50,2023-06-09 10:02:00,down,1.1,146.4944,gain
ema_rsi_8020,2023-06-09 10:05:00,down,1.1,1.387463,gain
ema_rsi_50,2023-06-09 10:05:59,down,1.1,0.833684,gain
ema_rsi_8020,2023-06-09 10:08:00,down,1.1,146.5082,loss,gain
ema_rsi_50,2023-06-09 10:14:59,down,1.1,0.83356,gain
ema_rsi_8020,2023-06-09 10:15:00,down,1.1,146.5218,gain
ema_rsi_50,2023-06-09 10:20:59,down,1.1,0.833554,loss,loss
ema_rsi_50,2023-06-09 10:26:00,down,1.65,0.833646,loss
ema_rsi_50,2023-06-09 10:28:00,down,2.48,0.833614,gain
ema_rsi_50,2023-06-09 10:31:00,down,1.1,146.4964,loss,loss,loss
ema_rsi_50,2023-06-09 10:32:00,down,1.1,1.3873,loss,loss,loss
ema_rsi_8020,2023-06-09 10:36:00,down,3.36,146.5129,gain
ema_rsi_50,2023-06-09 10:52:59,up,1.3,0.832728,gain
ema_rsi_50,2023-06-09 11:01:59,up,1.76,146.5602,gain
ema_rsi_50,2023-06-09 11:03:00,down,1.1,0.833238,loss,loss
ema_rsi_50,2023-06-09 11:13:01,up,2.33,0.83355,loss,loss,loss
ema_rsi_50,2023-06-09 11:14:00,up,3.43,1.388067,loss,loss,loss
ema_rsi_50,2023-06-09 11:17:00,up,1.1,146.5945,loss,loss
ema_rsi_8020,2023-06-09 11:18:00,up,15.44,1.38789,loss,gain
ema_rsi_8020,2023-06-09 11:22:00,up,2.57,146.5661,gain
ema_rsi_8020,2023-06-09 11:26:00,up,10.48,0.833399,gain
ema_rsi_8020,2023-06-09 11:26:01,up,1.35,146.5597,loss,loss,gain
ema_rsi_50,2023-06-09 11:30:00,up,5.51,0.833495,gain
ema_rsi_50,2023-06-09 11:41:00,up,8.95,0.38832,gain
ema_rsi_50,2023-06-09 11:50:01,up,1.1,146.6127,loss
ema_rsi_50,2023-06-09 11:49:00,up,2.89,0.833682,loss,draw,loss
ema_rsi_50,2023-06-09 11:51:00,up,4.84,1.388228,loss,gain
ema_rsi_8020,2023-06-09 11:54:01,up,1.36,146.5932,gain
ema_rsi_8020,2023-06-09 12:01:59,up,1.1,146.5916,gain
ema_rsi_50,2023-06-09 12:11:59,up,1.1,146.6111,loss,loss,loss
ema_rsi_50,2023-06-09 12:16:00,up,4.04,146.617,loss,loss,loss
ema_rsi_50,2023-06-09 12:20:00,up,18.18,146.6112,gain
ema_rsi_8020,2023-06-09 12:33:00,up,9.55,146.6154,loss,loss
ema_rsi_50,2023-06-09 12:57:00,up,23.87,146.6663,loss,loss
ema_rsi_50,2023-06-09 15:03:00,down,1.1,146.5204,gain
ema_rsi_50,2023-06-09 15:06:00,down,1.1,146.5169,loss
ema_rsi_50,2023-06-09 15:08:59,down,1.1,146.5155,gain
ema_rsi_8020,2023-06-09 15:23:59,up,1.1,0.676002,gain
ema_rsi_50,2023-06-09 15:38:00,up,1.1,0.833412,gain
ema_rsi_8020,2023-06-09 15:39:00,down,1.1,146.4496,loss,loss
ema_rsi_50,2023-06-09 15:47:00,up,1.1,0.83351,loss,loss
ema_rsi_50,2023-06-09 15:51:00,down,1.1,0.676782,gain
ema_rsi_8020,2023-06-09 16:05:59,up,1.1,0.676358,gain
ema_rsi_50,2023-06-09 16:31:00,up,1.1,0.676566,loss,loss
ema_rsi_50,2023-06-09 17:12:00,up,1.1,0.675576,gain
ema_rsi_8020,2023-06-09 17:11:59,down,1.1,0.913722,loss,loss,loss
ema_rsi_50,2023-06-09 17:18:01,down,1.1,0.675642,loss,loss,loss
ema_rsi_50,2023-06-09 17:26:00,down,1.1,0.675786,loss,gain
ema_rsi_50,2023-06-09 18:06:00,down,1.1,0.67523,gain
ema_rsi_50,2023-06-09 18:10:59,up,1.1,0.914856,gain
ema_rsi_50,2023-06-09 18:16:59,down,1.1,0.675167,loss
ema_rsi_50,2023-06-09 18:19:00,down,1.1,0.675177,gain
ema_rsi_50,2023-06-09 18:23:00,down,1.1,0.675207,loss,loss
ema_rsi_50,2023-06-09 18:27:00,down,1.1,0.67526,gain
ema_rsi_50,2023-06-09 18:42:00,down,1.1,0.674804,loss,loss
ema_rsi_8020,XXX,down,1,1.2,gain
ema_rsi_8020,XXX,down,1,0.674804,loss,loss,loss
ema_rsi_50,2023-06-09 18:59:00,up,1.1,0.914755,gain
ema_rsi_8020,2023-06-09 19:11:00,up,1.1,91.1965,loss,gain
ema_rsi_50,2023-06-09 19:17:00,up,1.1,0.674177,gain
ema_rsi_8020,2023-06-09 19:22:00,down,1.1,0.674236,loss,loss,gain
ema_rsi_50,2023-06-09 19:24:00,up,1.1,0.914824,loss,loss
ema_rsi_50,2023-06-09 19:46:00,down,1.1,0.913968,gain
ema_rsi_50,2023-06-09 19:58:00,down,1.1,0.914137,gain
ema_rsi_50,2023-06-09 20:04:59,down,1.1,0.673903,gain
ema_rsi_50,2023-06-09 20:05:00,up,1.1,91.2058,loss,gain
ema_rsi_50,2023-06-09 20:12:00,up,1.1,91.2132,loss,loss
ema_rsi_50,2023-06-09 20:20:00,down,1.1,0.673841,loss,loss,gain
ema_rsi_50,2023-06-09 20:23:59,up,1.1,0.914534,gain
ema_rsi_8020,2023-06-09 20:29:00,down,1.1,0.674048,loss,gain
ema_rsi_8020,2023-06-09 20:34:00,up,1.1,0.914515,gain
ema_rsi_8020,2023-06-09 20:38:00,up,1.1,91.2377,gain
ema_rsi_50,2023-06-09 20:39:59,up,1.1,0.914627,loss,loss
ema_rsi_50,2023-06-09 20:43:00,up,1.1,91.2377,loss
ema_rsi_8020,2023-06-09 20:57:00,up,1.1,0.674434,loss,loss
ema_rsi_8020,2023-06-09 21:02:59,down,1.1,91.1513,loss,gain
ema_rsi_50,2023-06-09 21:08:00,down,1.1,0.674035,gain
ema_rsi_8020,2023-06-09 21:11:00,up,1.1,91.1147,gain
ema_rsi_50,2023-06-09 21:12:00,down,1.1,0.674027,loss
ema_rsi_50,2023-06-09 21:16:00,up,1.1,0.915009,loss,gain
ema_rsi_50,2023-06-09 21:19:00,down,1.1,91.1332,gain
ema_rsi_8020,2023-06-09 21:23:59,down,1.1,91.1471,loss,loss
ema_rsi_50,2023-06-09 21:25:59,up,1.1,0.915065,loss
ema_rsi_8020,2023-06-09 21:28:00,down,1.1,91.1591,gain
ema_rsi_50,2023-06-09 21:28:59,up,1.1,0.914992,gain
ema_rsi_50,2023-06-09 21:33:59,up,1.1,0.914955,loss
ema_rsi_50,2023-06-09 21:45:00,up,1.1,0.674915,loss,loss
ema_rsi_8020,2023-06-09 21:45:59,up,1.1,91.1964,loss,loss,loss
ema_rsi_8020,2023-06-09 21:50:59,up,1.1,91.1832,loss
ema_rsi_8020,2023-06-09 21:53:00,up,1.1,91.1839,gain
ema_rsi_50,2023-06-09 22:05:59,up,1.1,91.232,gain
ema_rsi_50,2023-06-09 22:38:59,down,1.1,91.1932,loss
ema_rsi_50,2023-06-09 22:41:00,down,1.1,91.1974,gain
ema_rsi_8020,2023-06-09 22:54:59,down,1.1,91.1789,gain
ema_rsi_8020,2023-06-09 23:03:00,down,1.1,91.1975,gain
ema_rsi_50,2023-06-09 23:39:59,down,1.1,91.1354,loss,loss,gain
ema_rsi_50,2023-06-09 23:48:00,down,1.1,91.1362,gain
ema_rsi_50,2023-06-10 00:10:59,down,1.1,91.0808,loss,loss
ema_rsi_8020,2023-06-10 00:17:59,down,1.1,91.1127,on going
ema_rsi_50,2023-06-10 00:19:00,down,1.1,91.1076,gain
ema_rsi_8020,2023-06-10 00:17:59,down,1.1,91.1127,gain
ema_rsi_50,2023-06-10 00:32:59,down,1.1,91.1038,loss
ema_rsi_50,2023-06-10 00:35:00,down,1.1,91.103,gain
ema_rsi_8020,2023-06-10 00:42:00,down,1.1,91.1144,gain
ema_rsi_8020,2023-06-10 00:52:59,down,1.1,91.1124,gain
ema_rsi_50,2023-06-10 01:18:00,up,1.1,91.1319,draw,gain
ema_rsi_50,2023-06-10 01:22:59,up,1.1,91.1356,gain
ema_rsi_50,2023-06-10 01:31:00,up,1.1,91.1426,loss,loss
ema_rsi_50,2023-06-10 01:35:00,up,1.1,91.1391,loss,loss,gain
ema_rsi_50,2023-06-10 01:40:00,up,1.1,91.1484,loss,loss,loss
ema_rsi_8020,2023-06-10 01:46:59,up,1.1,91.1372,loss,gain
ema_rsi_50,2023-06-10 01:50:59,up,1.1,91.1397,gain
ema_rsi_50,2023-06-10 04:17:00,down,1.1,0.915118,loss,loss,loss
ema_rsi_50,2023-06-10 04:31:00,up,1.1,0.91551,loss,loss
ema_rsi_50,2023-06-10 04:40:59,up,1.1,0.915536,gain
ema_rsi_50,2023-06-10 04:50:00,down,1.1,0.675584,loss
ema_rsi_50,2023-06-10 04:51:00,up,1.1,0.915576,loss,loss
ema_rsi_50,2023-06-10 04:53:00,down,1.1,0.675634,gain
ema_rsi_8020,2023-06-10 04:53:01,down,1.1,0.675634,on going
ema_rsi_8020,2023-06-10 04:53:01,down,1.1,0.675634,gain
ema_rsi_8020,2023-06-10 04:53:59,up,1.1,0.915464,loss,loss,gain
ema_rsi_50,2023-06-10 04:59:01,down,1.1,0.675572,gain
ema_rsi_8020,2023-06-10 05:08:59,up,1.1,91.0084,gain
ema_rsi_8020,2023-06-10 05:24:00,down,1.1,0.675329,gain
ema_rsi_50,2023-06-10 05:25:00,down,1.1,0.675173,on going
ema_rsi_50,2023-06-10 05:25:00,up,1.1,0.915957,loss
ema_rsi_50,2023-06-10 05:25:00,down,1.1,0.675173,gain
ema_rsi_50,2023-06-10 05:28:01,down,1.1,90.9847,loss,loss,loss
ema_rsi_50,2023-06-10 05:37:00,down,1.1,0.675023,gain
ema_rsi_50,2023-06-10 06:27:00,up,1.1,91.1145,loss,gain
ema_rsi_50,2023-06-10 06:28:00,up,1.1,0.674051,gain
ema_rsi_50,2023-06-10 06:35:00,up,1.1,0.674068,loss,gain
ema_rsi_8020,2023-06-10 06:37:59,up,1.1,91.1021,gain
ema_rsi_50,2023-06-10 07:01:59,down,1.1,0.673996,loss,loss
ema_rsi_8020,2023-06-10 07:18:00,down,1.1,0.915345,gain
ema_rsi_8020,2023-06-10 07:27:59,down,1.1,0.915379,loss,loss,loss
ema_rsi_50,2023-06-10 07:33:00,down,1.1,1.099476,gain
ema_rsi_8020,2023-06-10 07:33:00,down,1.1,1.099476,on going
ema_rsi_8020,2023-06-10 07:33:00,down,1.1,1.099476,gain
ema_rsi_50,2023-06-10 07:35:59,down,1.1,1.099502,loss
ema_rsi_50,2023-06-10 07:40:00,down,1.1,91.0521,gain
ema_rsi_8020,2023-06-10 07:39:59,down,1.1,1.099616,loss,loss,loss
ema_rsi_50,2023-06-10 07:43:00,down,1.1,1.099623,on going,,
ema_rsi_50,2023-06-10 07:43:00,down,1.1,1.099623,gain
ema_rsi_50,2023-06-10 08:08:59,down,1.1,1.099333,gain
ema_rsi_8020,2023-06-10 08:09:00,down,1.1,1.099333,on going
ema_rsi_8020,2023-06-10 08:09:00,down,1.1,1.099333,gain
ema_rsi_50,2023-06-10 08:14:59,down,1.1,1.099351,gain
ema_rsi_8020,2023-06-10 08:14:59,down,1.1,1.099351,on going
ema_rsi_8020,2023-06-10 08:14:59,down,1.1,1.099351,gain
ema_rsi_8020,2023-06-10 08:23:00,down,1.1,0.915322,loss,gain
ema_rsi_50,2023-06-10 08:23:00,down,1.1,1.099347,loss,loss,loss
ema_rsi_50,2023-06-10 08:26:59,down,1.1,91.1513,gain
ema_rsi_8020,2023-06-10 08:38:00,up,1.1,91.1484,loss,loss
ema_rsi_50,2023-06-10 08:42:59,up,1.1,1.099815,loss
ema_rsi_50,2023-06-10 08:43:59,up,1.1,91.1342,gain
ema_rsi_8020,2023-06-10 08:44:00,up,1.1,91.1342,on going
ema_rsi_8020,2023-06-10 08:44:00,up,1.1,91.1342,gain
ema_rsi_50,2023-06-10 08:46:00,up,1.1,1.099848,loss
ema_rsi_50,2023-06-10 08:51:00,up,1.1,91.1387,loss
ema_rsi_50,2023-06-10 08:58:00,down,1.1,0.916278,gain
ema_rsi_50,2023-06-10 09:03:00,up,1.1,0.916159,loss,loss
ema_rsi_8020,2023-06-10 09:03:01,up,1.1,0.916159,loss,on going
ema_rsi_8020,2023-06-10 09:03:01,up,1.1,0.916159,loss,loss,loss
ema_rsi_50,2023-06-10 09:08:00,up,1.1,0.916006,gain
ema_rsi_50,2023-06-10 09:14:00,up,1.1,1.10035,loss,loss,gain
ema_rsi_8020,2023-06-10 09:17:59,up,1.1,91.1685,loss,loss
ema_rsi_8020,2023-06-10 09:22:00,up,1.1,1.100107,gain
ema_rsi_50,2023-06-10 09:22:59,up,1.1,91.1651,gain
ema_rsi_8020,2023-06-10 09:26:00,up,1.1,0.915931,gain
ema_rsi_8020,2023-06-10 09:42:00,down,1.1,0.91579,loss,loss
ema_rsi_50,2023-06-10 09:44:00,up,1.1,1.100495,loss,loss,gain
ema_rsi_8020,2023-06-10 09:51:59,up,1.1,91.1769,loss,loss
ema_rsi_8020,2023-06-10 09:54:59,up,1.1,91.1683,loss,loss
ema_rsi_50,2023-06-10 10:06:00,down,1.1,0.915395,loss,loss
ema_rsi_50,2023-06-10 10:09:00,down,1.1,1.099927,loss,gain
ema_rsi_8020,2023-06-10 10:10:00,down,1.1,0.915529,gain
ema_rsi_50,2023-06-10 10:17:59,down,1.1,1.099692,gain
ema_rsi_50,2023-06-10 10:22:00,down,1.1,0.915293,gain
ema_rsi_50,2023-06-10 10:29:00,down,1.1,0.915178,gain
ema_rsi_8020,2023-06-10 10:35:00,up,1.1,91.1782,gain
ema_rsi_50,2023-06-10 10:35:01,down,1.1,0.91524,loss,gain
ema_rsi_8020,2023-06-10 10:39:01,down,1.1,1.099829,gain
ema_rsi_50,2023-06-10 10:47:59,up,1.1,91.2037,loss,gain
ema_rsi_50,2023-06-10 10:59:59,up,1.1,1.100516,gain
ema_rsi_50,2023-06-10 11:06:59,down,1.1,91.2497,loss,loss
ema_rsi_50,2023-06-10 11:09:01,up,1.1,0.914566,gain
ema_rsi_50,2023-06-10 11:10:00,up,1.1,1.100585,loss
ema_rsi_50,2023-06-10 11:12:59,down,1.1,91.2763,gain
ema_rsi_50,2023-06-10 11:13:59,up,1.1,1.100508,gain
ema_rsi_8020,2023-06-10 11:26:00,up,1.1,91.2499,loss,loss
ema_rsi_8020,2023-06-10 11:30:59,up,1.1,91.2432,gain
ema_rsi_50,2023-06-10 11:36:59,up,1.1,1.100867,loss,loss,loss
ema_rsi_50,2023-06-10 11:39:59,up,1.1,91.2548,gain
ema_rsi_8020,2023-06-10 11:41:00,up,1.1,1.1007,gain
ema_rsi_50,2023-06-10 11:49:00,up,1.1,91.2658,gain
ema_rsi_50,2023-06-10 11:54:00,up,1.1,91.2677,loss
ema_rsi_50,2023-06-10 11:57:59,up,1.1,91.265,gain
ema_rsi_50,2023-06-10 12:01:00,up,1.1,91.2671,gain
ema_rsi_50,2023-06-10 12:07:00,up,1.1,91.2742,gain
ema_rsi_50,2023-06-10 12:09:59,down,1.1,1.099831,gain
ema_rsi_50,2023-06-10 12:18:59,down,1.1,1.099671,gain
ema_rsi_8020,2023-06-10 12:23:59,up,1.1,91.278,loss,gain
ema_rsi_8020,2023-06-10 12:30:59,down,1.1,1.09987,gain
ema_rsi_50,2023-06-10 12:36:59,up,1.1,91.2989,gain
ema_rsi_8020,2023-06-10 12:37:00,up,1.1,91.2989,on going
ema_rsi_8020,2023-06-10 12:37:00,up,1.1,91.2989,gain
ema_rsi_50,2023-06-10 12:40:59,up,1.1,91.2947,gain
ema_rsi_8020,2023-06-10 12:41:00,down,1.1,1.099822,gain
ema_rsi_8020,2023-06-10 12:45:59,up,1.1,91.2929,gain
ema_rsi_50,2023-06-10 12:51:00,down,1.1,1.099593,gain
ema_rsi_50,2023-06-10 12:57:59,down,1.1,1.099605,gain
ema_rsi_50,2023-06-10 12:58:00,down,1.1,91.2544,loss,loss
ema_rsi_8020,2023-06-10 13:01:59,down,1.1,91.2714,loss,gain
ema_rsi_8020,2023-06-10 13:07:00,down,1.1,1.099664,loss,loss
ema_rsi_50,2023-06-10 13:30:00,up,1.1,1.100061,gain
ema_rsi_50,2023-06-10 13:30:00,down,1.1,91.2396,loss,loss
ema_rsi_8020,2023-06-10 13:35:59,down,1.1,91.2592,gain
ema_rsi_50,2023-06-10 13:47:00,down,1.1,91.2417,loss
ema_rsi_8020,2023-06-10 13:50:59,down,1.1,91.2512,loss,loss,gain
ema_rsi_50,2023-06-10 13:54:00,down,1.1,91.2431,on going,,
ema_rsi_50,2023-06-10 13:54:00,down,1.1,91.2431,loss,loss
ema_rsi_50,2023-06-10 14:09:59,down,1.1,1.099248,loss
ema_rsi_50,2023-06-10 14:18:00,down,1.1,1.099369,loss
ema_rsi_8020,2023-06-10 14:18:00,down,1.1,1.099369,on going
ema_rsi_8020,2023-06-10 14:18:00,down,1.1,1.099369,loss,gain
ema_rsi_50,2023-06-10 14:19:59,down,1.1,1.099317,on going,
ema_rsi_50,2023-06-10 14:19:59,down,1.1,1.099317,loss,loss,gain
ema_rsi_8020,2023-06-10 14:40:59,down,1.1,1.099431,gain
ema_rsi_8020,2023-06-10 14:58:00,up,1.1,91.2928,loss,gain
ema_rsi_50,2023-06-10 15:00:00,up,1.1,91.3051,on going,
ema_rsi_50,2023-06-10 15:00:00,up,1.1,91.3051,gain
ema_rsi_8020,2023-06-10 15:11:00,up,1.1,91.2947,gain
ema_rsi_50,2023-06-10 15:19:59,up,1.1,91.3119,loss,loss
ema_rsi_8020,2023-06-10 15:42:59,up,1.1,91.3084,gain
ema_rsi_50,2023-06-10 16:01:00,up,1.1,91.3365,loss,loss
ema_rsi_50,2023-06-10 16:20:00,up,3.33,91.3658,gain
ema_rsi_50,2023-06-10 16:26:00,up,1.1,91.366,loss
ema_rsi_8020,2023-06-10 16:30:00,down,3.33,0.674047,gain
ema_rsi_50,2023-06-10 16:29:59,up,2.65,91.3541,loss,gain
ema_rsi_50,2023-06-10 16:39:00,down,1.1,0.673993,gain
ema_rsi_8020,2023-06-10 16:59:59,down,3.33,1.777431,gain
ema_rsi_50,2023-06-10 17:20:00,down,3.33,91.4573,loss
ema_rsi_50,2023-06-10 17:19:00,down,1.1,1.7771,loss,loss,loss
ema_rsi_8020,2023-06-10 17:27:00,down,4.31,1.777303,gain
ema_rsi_8020,2023-06-10 18:06:59,up,1.1,0.674513,gain
ema_rsi_50,2023-06-10 18:12:59,up,1.1,0.674636,gain
ema_rsi_8020,2023-06-10 18:41:59,down,3.33,0.891683,gain
ema_rsi_50,2023-06-10 18:43:00,down,3.33,0.891633,on going
ema_rsi_50,2023-06-10 18:43:00,down,3.33,0.891633,gain
ema_rsi_8020,2023-06-10 18:52:59,down,3.33,0.891683,gain
ema_rsi_50,2023-06-10 18:53:59,down,3.33,0.891633,on going
ema_rsi_50,2023-06-10 18:53:59,down,3.33,0.891633,gain
ema_rsi_8020,2023-06-10 18:56:59,down,3.33,0.891683,gain
ema_rsi_50,2023-06-10 18:58:00,down,3.33,0.891633,on going
ema_rsi_50,2023-06-10 18:58:00,down,3.33,0.891633,gain
